Designator,Footprint,Quantity,Value,LCSC Part #
"_5, _4, _3, _2, ",,5,,
"C1, C10, C11, C12, C13, C14, C2, C3, C4, C5, C6, C7, C8, C9",0402,14,1uF,
"C15, C16, C17, C18, C19, C20, C21, C22, C23",0402,9,0.1uF,
"D101, D102, D103, D104, D105, D106, D11, D111, D112, D113, D114, D115, D116, D12, D121, D122, D123, D124, D125, D126, D13, D131, D132, D133, D134, D135, D136, D14, D141, D142, D143, D144, D145, D146, D15, D151, D152, D153, D154, D155, D156, D16, D161, D162, D163, D164, D165, D166, D171, D172, D173, D174, D175, D176, D181, D182, D183, D184, D185, D186, D191, D192, D193, D194, D195, D196, D201, D202, D203, D204, D205, D206, D21, D211, D212, D213, D214, D215, D216, D22, D221, D222, D223, D224, D225, D226, D23, D231, D232, D233, D234, D235, D236, D24, D241, D242, D243, D244, D245, D246, D25, D251, D252, D253, D254, D255, D256, D26, D261, D262, D263, D264, D265, D266, D271, D272, D273, D274, D275, D276, D281, D282, D283, D284, D285, D286, D291, D292, D293, D294, D295, D296, D301, D302, D303, D304, D305, D306, D31, D311, D312, D313, D314, D315, D316, D32, D321, D322, D323, D324, D325, D326, D33, D331, D332, D333, D334, D335, D336, D34, D341, D342, D343, D344, D345, D346, D35, D351, D352, D353, D354, D355, D356, D36, D361, D362, D363, D364, D365, D366, D371, D372, D373, D374, D375, D376, D381, D382, D383, D384, D385, D386, D391, D392, D393, D394, D395, D396, D401, D402",WS2812B-1313,200,WS2812B,C5349953
"D403, D404, D405, D406, D41, D411, D412, D413, D414, D415, D416, D42, D421, D422, D423, D424, D425, D426, D43, D431, D432, D433, D434, D435, D436, D44, D441, D442, D443, D444, D445, D446, D45, D451, D452, D453, D454, D455, D456, D46, D461, D462, D463, D464, D465, D466, D471, D472, D473, D474, D475, D476, D481, D482, D483, D484, D485, D486, D491, D492, D493, D494, D495, D496, D501, D502, D503, D504, D505, D506, D51, D511, D512, D513, D514, D515, D516, D52, D521, D522, D523, D524, D525, D526, D53, D531, D532, D533, D534, D535, D536, D54, D541, D542, D543, D544, D545, D546, D55, D551, D552, D553, D554, D555, D556, D56, D561, D562, D563, D564, D565, D566, D571, D572, D573, D574, D575, D576, D581, D582, D583, D584, D585, D586, D591, D592, D593, D594, D595, D596, D601, D602, D603, D604, D605, D606, D61, D611, D6110, D6111, D6112, D6113, D6114, D6115, D6116, D6117, D6118, D6119, D612, D6120, D6121, D6122, D6123, D6124, D6125, D6126, D6127, D6128, D6129, D613, D6130, D614, D615, D616, D617, D618, D619, D62, D621, D6210, D6211, D6212, D6213, D6214, D6215, D6216, D6217, D6218, D6219, D622, D6220, D6221, D6222, D6223, D6224, D6225, D6226, D6227, D6228, D6229, D623, D6230, D624, D625, D626, D627, D628, D629, D63, D631",WS2812B-1313,200,WS2812B,C5349953
"D6310, D6311, D6312, D6313, D6314, D6315, D6316, D6317, D6318, D6319, D632, D6320, D6321, D6322, D6323, D6324, D6325, D6326, D6327, D6328, D6329, D633, D6330, D634, D635, D636, D637, D638, D639, D64, D641, D6410, D6411, D6412, D6413, D6414, D6415, D6416, D6417, D6418, D6419, D642, D6420, D6421, D6422, D6423, D6424, D6425, D6426, D6427, D6428, D6429, D643, D6430, D644, D645, D646, D647, D648, D649, D65, D66, D71, D72, D73, D74, D75, D76, D81, D82, D83, D84, D85, D86, D91, D92, D93, D94, D95, D96",WS2812B-1313,80,WS2812B,C5349953
J1_2,Conn_1x1_SenseRiser,1,SENSE_60,
J1,HEE70LP03BK_NumberedPads_CardGuide,1,SENSE_60,
"J10, J8",Banana_Minus_sm,2,Conn_01x01,
J11,Breadboard_6NonHoles,1,~,
"J12, J13",fulledge_gap,2,Conn_01x32,
"J14, J15, J16",PinHeader_1x1_Smallest,3,Conn_01x01,
J2,PinHeader_2x35_P1.27_wiig_card,1,Barnacle_Connector_70pin,
J3,SideConnect_sparserrr_Bottom_tighter,1,Barnacle_Connector_70pin,
J4,Conn_1x1_SenseRiser,1,SENSE_1,
J5,Conn_1x1_SenseRiser,1,SENSE_30,
J6,Conn_1x1_SenseRiser,1,SENSE_31,
"J7, J9",Banana_Plus_sm,2,Conn_01x01,
"JP1, JP2",SolderJumper_2_Open_Small,2,Jumper_2_Open,
"JP3, JP4, JP5",SolderJumper_2_Bridged_Small,3,M~{INT},
"M51, M52, M53, M54, M55, M56, M57, M58, M59",SOT-23-6_TMAG5273,9,~,
"R1, R2",0603,2,4.7K,
"TP10, TP11, TP12, TP14, TP15, TP16, TP17, TP18, TP19_2, TP19, TP20, TP21, TP22, TP23, TP24, TP27, TP28, TP29, TP4, TP5, TP6, TP7, TP8, TP9",TestPoint_Pad_D1.0mm,24,TestPoint,
TP3,PinHeader_1x1_0.6mm_tinyAF,1,LED OUT,
U1,VQFN-24-1EP_4x4mm_P0.5mm_EP2.45x2.45mm,1,TCA9548APWR,C555456
"U10, U2, U4, U5, U6, U7, U8, U9",WLP-4_0.86x0.86mm_P0.4mm,8,MMC5603NJL,
"U11, U12",Maxim_WLP-12_2.008x1.608mm_Layout4x3_P0.4mm,2,~,
U3,SOT-23,1,AP2127N-3.3,
