Designator,Mid X,Mid Y,Rotation,Layer
_5,117.429032,-47.100321,0.0,top
_4,117.429032,-52.180321,0.0,top
_3,188.041032,-29.193321,0.0,top
_2,190.327032,-29.320321,0.0,top
,117.429032,-49.640321,0.0,top
C1,120.921532,-37.575321,90.0,top
C10,142.511531,-74.405321,90.0,top
C11,155.211532,-74.405321,90.0,top
C12,167.911531,-74.405321,90.0,top
C13,180.611531,-74.405321,90.0,top
C14,189.501532,-74.405321,270.0,top
C15,128.033532,-33.130321,270.0,bottom
C16,158.005532,-33.130321,270.0,bottom
C17,183.469032,-33.003321,270.0,bottom
C18,120.921532,-55.990321,270.0,bottom
C19,158.005532,-55.990321,270.0,bottom
C2,129.811532,-37.575321,90.0,top
C20,189.819032,-55.990321,270.0,bottom
C21,127.906532,-78.850321,270.0,bottom
C22,157.751532,-78.215321,270.0,bottom
C23,183.469032,-78.850321,270.0,bottom
C3,142.511532,-37.575321,90.0,top
C4,155.211532,-37.575321,90.0,top
C5,167.911532,-37.575321,90.0,top
C6,180.611532,-37.575321,90.0,top
C7,189.501532,-37.575321,90.0,top
C8,120.921532,-74.405321,90.0,top
C9,129.811531,-74.405321,90.0,top
D101,141.241532,-42.020321,0.0,top
D102,141.241532,-44.560321,0.0,top
D103,141.241532,-47.100321,0.0,top
D104,141.241532,-49.640321,0.0,top
D105,141.241532,-52.180321,0.0,top
D106,141.241532,-54.720321,0.0,top
D11,118.381532,-42.020321,0.0,top
D111,143.781532,-42.020321,0.0,top
D112,143.781532,-44.560321,0.0,top
D113,143.781532,-47.100321,0.0,top
D114,143.781532,-49.640321,0.0,top
D115,143.781532,-52.180321,0.0,top
D116,143.781532,-54.720321,0.0,top
D12,118.381532,-44.560321,0.0,top
D121,146.321532,-42.020321,0.0,top
D122,146.321532,-44.560321,0.0,top
D123,146.321532,-47.100321,0.0,top
D124,146.321532,-49.640321,0.0,top
D125,146.321532,-52.180321,0.0,top
D126,146.321532,-54.720321,0.0,top
D13,118.381532,-47.100321,0.0,top
D131,148.861532,-42.020321,0.0,top
D132,148.861532,-44.560321,0.0,top
D133,148.861532,-47.100321,0.0,top
D134,148.861532,-49.640321,0.0,top
D135,148.861532,-52.180321,0.0,top
D136,148.861532,-54.720321,0.0,top
D14,118.381532,-49.640321,0.0,top
D141,151.401532,-42.020321,0.0,top
D142,151.401532,-44.560321,0.0,top
D143,151.401532,-47.100321,0.0,top
D144,151.401532,-49.640321,0.0,top
D145,151.401532,-52.180321,0.0,top
D146,151.401532,-54.720321,0.0,top
D15,118.381532,-52.180321,0.0,top
D151,153.941532,-42.020321,0.0,top
D152,153.941532,-44.560321,0.0,top
D153,153.941532,-47.100321,0.0,top
D154,153.941532,-49.640321,0.0,top
D155,153.941532,-52.180321,0.0,top
D156,153.941532,-54.720321,0.0,top
D16,118.381532,-54.720321,0.0,top
D161,156.481532,-42.020321,0.0,top
D162,156.481532,-44.560321,0.0,top
D163,156.481532,-47.100321,0.0,top
D164,156.481532,-49.640321,0.0,top
D165,156.481532,-52.180321,0.0,top
D166,156.481532,-54.720321,0.0,top
D171,159.021532,-42.020321,0.0,top
D172,159.021532,-44.560321,0.0,top
D173,159.021532,-47.100321,0.0,top
D174,159.021532,-49.640321,0.0,top
D175,159.021532,-52.180321,0.0,top
D176,159.021532,-54.720321,0.0,top
D181,161.561532,-42.020321,0.0,top
D182,161.561532,-44.560321,0.0,top
D183,161.561532,-47.100321,0.0,top
D184,161.561532,-49.640321,0.0,top
D185,161.561532,-52.180321,0.0,top
D186,161.561532,-54.720321,0.0,top
D191,164.101532,-42.020321,0.0,top
D192,164.101532,-44.560321,0.0,top
D193,164.101532,-47.100321,0.0,top
D194,164.101532,-49.640321,0.0,top
D195,164.101532,-52.180321,0.0,top
D196,164.101532,-54.720321,0.0,top
D201,166.641532,-42.020321,0.0,top
D202,166.641532,-44.560321,0.0,top
D203,166.641532,-47.100321,0.0,top
D204,166.641532,-49.640321,0.0,top
D205,166.641532,-52.180321,0.0,top
D206,166.641532,-54.720321,0.0,top
D21,120.921532,-42.020321,0.0,top
D211,169.181532,-42.020321,0.0,top
D212,169.181532,-44.560321,0.0,top
D213,169.181532,-47.100321,0.0,top
D214,169.181532,-49.640321,0.0,top
D215,169.181532,-52.180321,0.0,top
D216,169.181532,-54.720321,0.0,top
D22,120.921532,-44.560321,0.0,top
D221,171.721532,-42.020321,0.0,top
D222,171.721532,-44.560321,0.0,top
D223,171.721532,-47.100321,0.0,top
D224,171.721532,-49.640321,0.0,top
D225,171.721532,-52.180321,0.0,top
D226,171.721532,-54.720321,0.0,top
D23,120.921532,-47.100321,0.0,top
D231,174.261532,-42.020321,0.0,top
D232,174.261532,-44.560321,0.0,top
D233,174.261532,-47.100321,0.0,top
D234,174.261532,-49.640321,0.0,top
D235,174.261532,-52.180321,0.0,top
D236,174.261532,-54.720321,0.0,top
D24,120.921532,-49.640321,0.0,top
D241,176.801532,-42.020321,0.0,top
D242,176.801532,-44.560321,0.0,top
D243,176.801532,-47.100321,0.0,top
D244,176.801532,-49.640321,0.0,top
D245,176.801532,-52.180321,0.0,top
D246,176.801532,-54.720321,0.0,top
D25,120.921532,-52.180321,0.0,top
D251,179.341532,-42.020321,0.0,top
D252,179.341532,-44.560321,0.0,top
D253,179.341532,-47.100321,0.0,top
D254,179.341532,-49.640321,0.0,top
D255,179.341532,-52.180321,0.0,top
D256,179.341532,-54.720321,0.0,top
D26,120.921532,-54.720321,0.0,top
D261,181.881532,-42.020321,0.0,top
D262,181.881532,-44.560321,0.0,top
D263,181.881532,-47.100321,0.0,top
D264,181.881532,-49.640321,0.0,top
D265,181.881532,-52.180321,0.0,top
D266,181.881532,-54.720321,0.0,top
D271,184.421532,-42.020321,0.0,top
D272,184.421532,-44.560321,0.0,top
D273,184.421532,-47.100321,0.0,top
D274,184.421532,-49.640321,0.0,top
D275,184.421532,-52.180321,0.0,top
D276,184.421532,-54.720321,0.0,top
D281,186.961532,-42.020321,0.0,top
D282,186.961532,-44.560321,0.0,top
D283,186.961532,-47.100321,0.0,top
D284,186.961532,-49.640321,0.0,top
D285,186.961532,-52.180321,0.0,top
D286,186.961532,-54.720321,0.0,top
D291,189.501532,-42.020321,0.0,top
D292,189.501532,-44.560321,0.0,top
D293,189.501532,-47.100321,0.0,top
D294,189.501532,-49.640321,0.0,top
D295,189.501532,-52.180321,0.0,top
D296,189.501532,-54.720321,0.0,top
D301,192.041532,-42.020321,0.0,top
D302,192.041532,-44.560321,0.0,top
D303,192.041532,-47.100321,0.0,top
D304,192.041532,-49.640321,0.0,top
D305,192.041532,-52.180321,0.0,top
D306,192.041532,-54.720321,0.0,top
D31,123.461532,-42.020321,0.0,top
D311,118.381532,-57.260321,0.0,top
D312,118.381532,-59.800321,0.0,top
D313,118.381532,-62.340321,0.0,top
D314,118.381532,-64.880321,0.0,top
D315,118.381532,-67.420321,0.0,top
D316,118.381532,-69.960321,0.0,top
D32,123.461532,-44.560321,0.0,top
D321,120.921532,-57.260321,0.0,top
D322,120.921532,-59.800321,0.0,top
D323,120.921532,-62.340321,0.0,top
D324,120.921532,-64.880321,0.0,top
D325,120.921532,-67.420321,0.0,top
D326,120.921532,-69.960321,0.0,top
D33,123.461532,-47.100321,0.0,top
D331,123.461532,-57.260321,0.0,top
D332,123.461532,-59.800321,0.0,top
D333,123.461532,-62.340321,0.0,top
D334,123.461532,-64.880321,0.0,top
D335,123.461532,-67.420321,0.0,top
D336,123.461532,-69.960321,0.0,top
D34,123.461532,-49.640321,0.0,top
D341,126.001532,-57.260321,0.0,top
D342,126.001532,-59.800321,0.0,top
D343,126.001532,-62.340321,0.0,top
D344,126.001532,-64.880321,0.0,top
D345,126.001532,-67.420321,0.0,top
D346,126.001532,-69.960321,0.0,top
D35,123.461532,-52.180321,0.0,top
D351,128.541532,-57.260321,0.0,top
D352,128.541532,-59.800321,0.0,top
D353,128.541532,-62.340321,0.0,top
D354,128.541532,-64.880321,0.0,top
D355,128.541532,-67.420321,0.0,top
D356,128.541532,-69.960321,0.0,top
D36,123.461532,-54.720321,0.0,top
D361,131.081532,-57.260321,0.0,top
D362,131.081532,-59.800321,0.0,top
D363,131.081532,-62.340321,0.0,top
D364,131.081532,-64.880321,0.0,top
D365,131.081532,-67.420321,0.0,top
D366,131.081532,-69.960321,0.0,top
D371,133.621532,-57.260321,0.0,top
D372,133.621532,-59.800321,0.0,top
D373,133.621532,-62.340321,0.0,top
D374,133.621532,-64.880321,0.0,top
D375,133.621532,-67.420321,0.0,top
D376,133.621532,-69.960321,0.0,top
D381,136.161532,-57.260321,0.0,top
D382,136.161532,-59.800321,0.0,top
D383,136.161532,-62.340321,0.0,top
D384,136.161532,-64.880321,0.0,top
D385,136.161532,-67.420321,0.0,top
D386,136.161532,-69.960321,0.0,top
D391,138.701532,-57.260321,0.0,top
D392,138.701532,-59.800321,0.0,top
D393,138.701532,-62.340321,0.0,top
D394,138.701532,-64.880321,0.0,top
D395,138.701532,-67.420321,0.0,top
D396,138.701532,-69.960321,0.0,top
D401,141.241532,-57.260321,0.0,top
D402,141.241532,-59.800321,0.0,top
D403,141.241532,-62.340321,0.0,top
D404,141.241532,-64.880321,0.0,top
D405,141.241532,-67.420321,0.0,top
D406,141.241532,-69.960321,0.0,top
D41,126.001532,-42.020321,0.0,top
D411,143.781532,-57.260321,0.0,top
D412,143.781532,-59.800321,0.0,top
D413,143.781532,-62.340321,0.0,top
D414,143.781532,-64.880321,0.0,top
D415,143.781532,-67.420321,0.0,top
D416,143.781532,-69.960321,0.0,top
D42,126.001532,-44.560321,0.0,top
D421,146.321532,-57.260321,0.0,top
D422,146.321532,-59.800321,0.0,top
D423,146.321532,-62.340321,0.0,top
D424,146.321532,-64.880321,0.0,top
D425,146.321532,-67.420321,0.0,top
D426,146.321532,-69.960321,0.0,top
D43,126.001532,-47.100321,0.0,top
D431,148.861532,-57.260321,0.0,top
D432,148.861532,-59.800321,0.0,top
D433,148.861532,-62.340321,0.0,top
D434,148.861532,-64.880321,0.0,top
D435,148.861532,-67.420321,0.0,top
D436,148.861532,-69.960321,0.0,top
D44,126.001532,-49.640321,0.0,top
D441,151.401532,-57.260321,0.0,top
D442,151.401532,-59.800321,0.0,top
D443,151.401532,-62.340321,0.0,top
D444,151.401532,-64.880321,0.0,top
D445,151.401532,-67.420321,0.0,top
D446,151.401532,-69.960321,0.0,top
D45,126.001532,-52.180321,0.0,top
D451,153.941532,-57.260321,0.0,top
D452,153.941532,-59.800321,0.0,top
D453,153.941532,-62.340321,0.0,top
D454,153.941532,-64.880321,0.0,top
D455,153.941532,-67.420321,0.0,top
D456,153.941532,-69.960321,0.0,top
D46,126.001532,-54.720321,0.0,top
D461,156.481532,-57.260321,0.0,top
D462,156.481532,-59.800321,0.0,top
D463,156.481532,-62.340321,0.0,top
D464,156.481532,-64.880321,0.0,top
D465,156.481532,-67.420321,0.0,top
D466,156.481532,-69.960321,0.0,top
D471,159.021532,-57.260321,0.0,top
D472,159.021532,-59.800321,0.0,top
D473,159.021532,-62.340321,0.0,top
D474,159.021532,-64.880321,0.0,top
D475,159.021532,-67.420321,0.0,top
D476,159.021532,-69.960321,0.0,top
D481,161.561532,-57.260321,0.0,top
D482,161.561532,-59.800321,0.0,top
D483,161.561532,-62.340321,0.0,top
D484,161.561532,-64.880321,0.0,top
D485,161.561532,-67.420321,0.0,top
D486,161.561532,-69.960321,0.0,top
D491,164.101532,-57.260321,0.0,top
D492,164.101532,-59.800321,0.0,top
D493,164.101532,-62.340321,0.0,top
D494,164.101532,-64.880321,0.0,top
D495,164.101532,-67.420321,0.0,top
D496,164.101532,-69.960321,0.0,top
D501,166.641532,-57.260321,0.0,top
D502,166.641532,-59.800321,0.0,top
D503,166.641532,-62.340321,0.0,top
D504,166.641532,-64.880321,0.0,top
D505,166.641532,-67.420321,0.0,top
D506,166.641532,-69.960321,0.0,top
D51,128.541532,-42.020321,0.0,top
D511,169.181532,-57.260321,0.0,top
D512,169.181532,-59.800321,0.0,top
D513,169.181532,-62.340321,0.0,top
D514,169.181532,-64.880321,0.0,top
D515,169.181532,-67.420321,0.0,top
D516,169.181532,-69.960321,0.0,top
D52,128.541532,-44.560321,0.0,top
D521,171.721532,-57.260321,0.0,top
D522,171.721532,-59.800321,0.0,top
D523,171.721532,-62.340321,0.0,top
D524,171.721532,-64.880321,0.0,top
D525,171.721532,-67.420321,0.0,top
D526,171.721532,-69.960321,0.0,top
D53,128.541532,-47.100321,0.0,top
D531,174.261532,-57.260321,0.0,top
D532,174.261532,-59.800321,0.0,top
D533,174.261532,-62.340321,0.0,top
D534,174.261532,-64.880321,0.0,top
D535,174.261532,-67.420321,0.0,top
D536,174.261532,-69.960321,0.0,top
D54,128.541532,-49.640321,0.0,top
D541,176.801532,-57.260321,0.0,top
D542,176.801532,-59.800321,0.0,top
D543,176.801532,-62.340321,0.0,top
D544,176.801532,-64.880321,0.0,top
D545,176.801532,-67.420321,0.0,top
D546,176.801532,-69.960321,0.0,top
D55,128.541532,-52.180321,0.0,top
D551,179.341532,-57.260321,0.0,top
D552,179.341532,-59.800321,0.0,top
D553,179.341532,-62.340321,0.0,top
D554,179.341532,-64.880321,0.0,top
D555,179.341532,-67.420321,0.0,top
D556,179.341532,-69.960321,0.0,top
D56,128.541532,-54.720321,0.0,top
D561,181.881532,-57.260321,0.0,top
D562,181.881532,-59.800321,0.0,top
D563,181.881532,-62.340321,0.0,top
D564,181.881532,-64.880321,0.0,top
D565,181.881532,-67.420321,0.0,top
D566,181.881532,-69.960321,0.0,top
D571,184.421532,-57.260321,0.0,top
D572,184.421532,-59.800321,0.0,top
D573,184.421532,-62.340321,0.0,top
D574,184.421532,-64.880321,0.0,top
D575,184.421532,-67.420321,0.0,top
D576,184.421532,-69.960321,0.0,top
D581,186.961532,-57.260321,0.0,top
D582,186.961532,-59.800321,0.0,top
D583,186.961532,-62.340321,0.0,top
D584,186.961532,-64.880321,0.0,top
D585,186.961532,-67.420321,0.0,top
D586,186.961532,-69.960321,0.0,top
D591,189.501532,-57.260321,0.0,top
D592,189.501532,-59.800321,0.0,top
D593,189.501532,-62.340321,0.0,top
D594,189.501532,-64.880321,0.0,top
D595,189.501532,-67.420321,0.0,top
D596,189.501532,-69.960321,0.0,top
D601,192.041532,-57.260321,0.0,top
D602,192.041532,-59.800321,0.0,top
D603,192.041532,-62.340321,0.0,top
D604,192.041532,-64.880321,0.0,top
D605,192.041532,-67.420321,0.0,top
D606,192.041532,-69.960321,0.0,top
D61,131.081532,-42.020321,0.0,top
D611,118.381532,-31.860321,90.0,top
D6110,141.241532,-31.860321,90.0,top
D6111,143.781533,-31.860322,90.0,top
D6112,146.321532,-31.860321,90.0,top
D6113,148.861532,-31.860321,90.0,top
D6114,151.401531,-31.860322,90.0,top
D6115,153.941531,-31.860321,90.0,top
D6116,156.481532,-31.860321,90.0,top
D6117,159.021532,-31.860321,90.0,top
D6118,161.561532,-31.860321,90.0,top
D6119,164.101531,-31.860321,90.0,top
D612,120.921532,-31.860321,90.0,top
D6120,166.641532,-31.860321,90.0,top
D6121,169.181532,-31.860321,90.0,top
D6122,171.721532,-31.860322,90.0,top
D6123,174.261532,-31.860321,90.0,top
D6124,176.801532,-31.860321,90.0,top
D6125,179.341531,-31.860322,90.0,top
D6126,181.881532,-31.860321,90.0,top
D6127,184.421532,-31.860321,90.0,top
D6128,186.961532,-31.860321,90.0,top
D6129,189.501533,-31.860322,90.0,top
D613,123.461532,-31.860321,90.0,top
D6130,192.041532,-31.860321,90.0,top
D614,126.001533,-31.860321,90.0,top
D615,128.541533,-31.86032,90.0,top
D616,131.081532,-31.860321,90.0,top
D617,133.621532,-31.860321,90.0,top
D618,136.161531,-31.86032,90.0,top
D619,138.701532,-31.860321,90.0,top
D62,131.081532,-44.560321,0.0,top
D621,118.381532,-34.400321,90.0,top
D6210,141.241531,-34.400321,90.0,top
D6211,143.781532,-34.400321,90.0,top
D6212,146.321532,-34.400321,90.0,top
D6213,148.861532,-34.400322,90.0,top
D6214,151.401532,-34.400321,90.0,top
D6215,153.941532,-34.400321,90.0,top
D6216,156.481531,-34.400322,90.0,top
D6217,159.021532,-34.400321,90.0,top
D6218,161.561532,-34.400321,90.0,top
D6219,164.101534,-34.400322,90.0,top
D622,120.921533,-34.400322,90.0,top
D6220,166.641532,-34.400321,90.0,top
D6221,169.181532,-34.400321,90.0,top
D6222,171.721532,-34.400321,90.0,top
D6223,174.261531,-34.40032,90.0,top
D6224,176.801532,-34.400321,90.0,top
D6225,179.341532,-34.400321,90.0,top
D6226,181.881532,-34.40032,90.0,top
D6227,184.421532,-34.400321,90.0,top
D6228,186.961532,-34.400321,90.0,top
D6229,189.501532,-34.400321,90.0,top
D623,123.461532,-34.400321,90.0,top
D6230,192.041532,-34.400321,90.0,top
D624,126.001532,-34.400321,90.0,top
D625,128.541531,-34.400322,90.0,top
D626,131.081531,-34.400321,90.0,top
D627,133.621532,-34.400321,90.0,top
D628,136.161532,-34.400321,90.0,top
D629,138.701532,-34.400321,90.0,top
D63,131.081532,-47.100321,0.0,top
D631,118.381532,-77.580321,90.0,top
D6310,141.24153,-77.58032,90.0,top
D6311,143.781532,-77.580321,90.0,top
D6312,146.321532,-77.580321,90.0,top
D6313,148.861533,-77.58032,90.0,top
D6314,151.401532,-77.580321,90.0,top
D6315,153.941532,-77.580321,90.0,top
D6316,156.481532,-77.580321,90.0,top
D6317,159.021532,-77.580321,90.0,top
D6318,161.561532,-77.580321,90.0,top
D6319,164.101533,-77.580321,90.0,top
D632,120.921532,-77.580321,90.0,top
D6320,166.641532,-77.580321,90.0,top
D6321,169.181532,-77.580321,90.0,top
D6322,171.721532,-77.580321,90.0,top
D6323,174.261532,-77.58032,90.0,top
D6324,176.801533,-77.58032,90.0,top
D6325,179.341533,-77.580319,90.0,top
D6326,181.881532,-77.58032,90.0,top
D6327,184.421532,-77.58032,90.0,top
D6328,186.961531,-77.580319,90.0,top
D6329,189.501532,-77.58032,90.0,top
D633,123.461532,-77.580322,90.0,top
D6330,192.041532,-77.580321,90.0,top
D634,126.001532,-77.580321,90.0,top
D635,128.541532,-77.580321,90.0,top
D636,131.081533,-77.580322,90.0,top
D637,133.621532,-77.580321,90.0,top
D638,136.161532,-77.580321,90.0,top
D639,138.701532,-77.580321,90.0,top
D64,131.081532,-49.640321,0.0,top
D641,118.381532,-80.120321,90.0,top
D6410,141.241532,-80.120321,90.0,top
D6411,143.781532,-80.120321,90.0,top
D6412,146.321534,-80.120322,90.0,top
D6413,148.861534,-80.120322,90.0,top
D6414,151.401535,-80.120321,90.0,top
D6415,153.941534,-80.120322,90.0,top
D6416,156.481534,-80.120322,90.0,top
D6417,159.021534,-80.120321,90.0,top
D6418,161.561534,-80.120322,90.0,top
D6419,164.101534,-80.120322,90.0,top
D642,120.921532,-80.120321,90.0,top
D6420,166.641535,-80.120322,90.0,top
D6421,169.181534,-80.120322,90.0,top
D6422,171.721534,-80.120322,90.0,top
D6423,174.261534,-80.120322,90.0,top
D6424,176.801535,-80.120322,90.0,top
D6425,179.341533,-80.120321,90.0,top
D6426,181.881533,-80.12032,90.0,top
D6427,184.421532,-80.120321,90.0,top
D6428,186.961532,-80.120321,90.0,top
D6429,189.501531,-80.12032,90.0,top
D643,123.461532,-80.120321,90.0,top
D6430,192.041532,-80.120321,90.0,top
D644,126.001532,-80.120321,90.0,top
D645,128.541533,-80.120321,90.0,top
D646,131.081533,-80.12032,90.0,top
D647,133.621532,-80.120321,90.0,top
D648,136.161532,-80.120321,90.0,top
D649,138.701531,-80.12032,90.0,top
D65,131.081532,-52.180321,0.0,top
D66,131.081532,-54.720321,0.0,top
D71,133.621532,-42.020321,0.0,top
D72,133.621532,-44.560321,0.0,top
D73,133.621532,-47.100321,0.0,top
D74,133.621532,-49.640321,0.0,top
D75,133.621532,-52.180321,0.0,top
D76,133.621532,-54.720321,0.0,top
D81,136.161532,-42.020321,0.0,top
D82,136.161532,-44.560321,0.0,top
D83,136.161532,-47.100321,0.0,top
D84,136.161532,-49.640321,0.0,top
D85,136.161532,-52.180321,0.0,top
D86,136.161532,-54.720321,0.0,top
D91,138.701532,-42.020321,0.0,top
D92,138.701532,-44.560321,0.0,top
D93,138.701532,-47.100321,0.0,top
D94,138.701532,-49.640321,0.0,top
D95,138.701532,-52.180321,0.0,top
D96,138.701532,-54.720321,0.0,top
J1_2,155.262332,-0.652427,180.0,top
M51,155.211532,-56.010321,90.0,bottom
M52,124.731532,-33.130321,90.0,bottom
M53,192.041532,-55.990321,90.0,bottom
M54,155.211532,-33.130321,90.0,bottom
M55,124.731532,-78.850321,90.0,bottom
M56,185.691532,-33.130321,90.0,bottom
M57,155.211532,-78.850321,90.0,bottom
M58,118.381532,-55.990321,90.0,bottom
M59,185.691532,-78.850321,90.0,bottom
R1,128.414532,-52.332721,270.0,bottom
R2,126.839732,-52.332721,270.0,bottom
TP19_2,192.486032,-29.510821,180.0,bottom
U1,136.923532,-55.990321,315.0,bottom
U10,186.961532,-75.040321,0.0,top
U2,123.461532,-36.940321,0.0,top
U3,151.401532,-33.130321,270.0,bottom
U4,123.461532,-75.040321,0.0,top
U5,139.971532,-36.940321,0.0,top
U6,139.971532,-75.040321,0.0,top
U7,170.451532,-36.940321,0.0,top
U8,170.451532,-75.040321,0.0,top
U9,186.961532,-36.940321,0.0,top
